{"inputUnits":[4],"outputUnits":1,"inputs":{"Open":{"dtype":"number","min":3018.530029,"max":3319.969971},"High":{"dtype":"number","min":3074.899902,"max":3366.800049},"Low":{"dtype":"number","min":2950.120117,"max":3288.879883},"Sentiment":{"dtype":"number","min":-0.12727273,"max":0.075000002}},"outputs":{"Net":{"dtype":"number","min":-121.600098,"max":81.169922}},"isNormalized":true}